City_ID,City,Country,Lat,Lng,Max Temp,Humidity,Cloudiness,Wind Speed,Description
0,Arraial Do Cabo,BR,-22.9661,-42.0278,87.76,58,0,16.11,clear sky
1,Portland,US,45.5234,-122.6762,48.42,82,100,7.0,overcast clouds
2,Barrow,US,71.2906,-156.7887,-12.98,77,0,14.97,clear sky
3,Churapcha,RU,62.0025,132.4325,-4.16,100,98,3.67,overcast clouds
4,Cape Town,ZA,-33.9258,18.4232,67.12,76,75,11.5,broken clouds
5,Shadegan,IR,30.6497,48.6647,87.75,6,0,6.58,clear sky
6,Aranos,NA,-24.1333,19.1167,77.74,47,77,14.2,broken clouds
7,Butaritari,KI,3.0707,172.7902,81.64,64,70,8.03,broken clouds
8,Kavali,IN,14.9167,79.9833,82.04,81,1,16.75,clear sky
9,Lebu,CL,-37.6167,-73.65,55.54,54,15,23.69,few clouds
10,Norman Wells,CA,65.282,-126.8329,5.04,78,100,8.05,light snow
11,Pacasmayo,PE,-7.4006,-79.5714,73.76,74,63,8.77,broken clouds
12,Cauquenes,CL,-35.9671,-72.3225,61.77,25,0,13.02,clear sky
13,Bluff,NZ,-46.6,168.3333,57.92,89,98,4.05,overcast clouds
14,Punta Arenas,CL,-53.15,-70.9167,48.31,68,75,13.8,broken clouds
15,Khatanga,RU,71.9667,102.5,13.48,96,100,5.06,light snow
16,Tazovskiy,RU,67.4667,78.7,29.46,96,100,14.2,light snow
17,Albany,US,42.6001,-73.9662,35.02,33,100,1.01,overcast clouds
18,Rikitea,PF,-23.1203,-134.9692,78.62,71,93,13.15,light rain
19,Airai,TL,-8.9266,125.4092,60.01,95,92,1.57,overcast clouds
20,Muroto,JP,33.2833,134.15,60.6,86,100,7.94,overcast clouds
21,Hilo,US,19.7297,-155.09,71.26,84,0,3.44,clear sky
22,Bandarbeyla,SO,9.4942,50.8122,80.85,70,14,12.64,few clouds
23,Atuona,PF,-9.8,-139.0333,78.06,82,64,14.99,light rain
24,Bengkulu,ID,-3.8004,102.2655,78.73,83,100,7.61,overcast clouds
25,Husavik,IS,66.0449,-17.3389,31.82,60,32,2.44,scattered clouds
26,Ribeira Grande,PT,38.5167,-28.7,66.6,77,75,6.91,broken clouds
27,Vaini,TO,-21.2,-175.2,75.36,94,40,2.3,scattered clouds
28,Ushuaia,AR,-54.8,-68.3,46.06,66,75,11.5,broken clouds
29,Kantabanji,IN,20.4833,82.9167,89.38,10,6,2.71,clear sky
30,Doka,SD,13.5167,35.7667,101.75,9,10,11.27,clear sky
31,Hobart,AU,-42.8794,147.3294,51.66,78,40,8.05,scattered clouds
32,Iqaluit,CA,63.7506,-68.5145,28.13,93,100,13.8,overcast clouds
33,Cherskiy,RU,68.75,161.3,-14.33,100,85,1.9,overcast clouds
34,Oksfjord,NO,70.2396,22.3479,28.58,94,100,14.54,snow
35,Keetmanshoop,NA,-26.5833,18.1333,90.52,25,20,6.91,few clouds
36,Moron,AR,-34.6534,-58.6198,59.02,43,0,14.16,clear sky
37,Hithadhoo,MV,-0.6,73.0833,82.9,67,2,3.4,clear sky
38,Komsomolskiy,UZ,40.4272,71.7189,56.12,33,0,2.3,clear sky
39,Vardo,NO,70.3705,31.1107,30.18,80,75,23.02,light snow
40,Chicama,PE,-7.8447,-79.1469,68.54,67,38,6.93,scattered clouds
41,Guerrero Negro,MX,27.9769,-114.0611,60.06,71,3,15.97,clear sky
42,Nikolskoye,RU,59.7035,30.7861,33.69,70,97,9.86,overcast clouds
43,Shitanjing,CN,39.2342,106.3439,39.51,28,93,4.12,overcast clouds
44,Severo-Kurilsk,RU,50.6789,156.125,29.53,84,76,14.0,broken clouds
45,Anahuac,MX,27.2333,-100.15,78.24,14,0,26.33,clear sky
46,Upernavik,GL,72.7868,-56.1549,15.6,86,46,9.86,scattered clouds
47,Busselton,AU,-33.65,115.3333,67.53,77,0,14.63,clear sky
48,Kavieng,PG,-2.5744,150.7967,81.61,79,79,7.45,moderate rain
49,Castro,BR,-24.7911,-50.0119,78.01,59,95,11.45,overcast clouds
50,New Norfolk,AU,-42.7826,147.0587,51.3,67,66,1.01,broken clouds
51,Sydney,AU,-33.8679,151.2073,68.11,94,75,32.21,light intensity shower rain
52,Birjand,IR,32.8663,59.2211,70.27,5,0,11.5,clear sky
53,Mehamn,NO,71.0357,27.8492,30.11,79,100,23.8,light snow
54,Ballina,AU,-28.8667,153.5667,69.76,96,100,12.66,overcast clouds
55,Waverly,US,42.7392,-84.6208,41.14,81,20,20.71,few clouds
56,Terney,RU,45.0503,136.6092,31.14,67,8,6.58,clear sky
57,Vanersborg,SE,58.3807,12.3234,41.58,15,0,9.22,clear sky
58,Cidreira,BR,-30.1811,-50.2056,67.06,93,100,13.94,moderate rain
59,Ugoofaaru,MV,5.6667,73.0,83.88,67,10,0.69,clear sky
60,Trat,TH,12.5,102.5,83.91,79,96,1.01,overcast clouds
61,Araouane,ML,18.9048,-3.5265,102.27,3,5,5.14,clear sky
62,Yellowknife,CA,62.456,-114.3525,0.41,87,20,9.22,few clouds
63,Sao Joao Do Piaui,BR,-8.3581,-42.2467,95.09,33,98,6.91,overcast clouds
64,Pangkalanbuun,ID,-2.6833,111.6167,76.3,92,91,1.97,overcast clouds
65,Hasaki,JP,35.7333,140.8333,57.6,86,100,18.48,overcast clouds
66,Georgetown,MY,5.4112,100.3354,85.95,75,20,5.01,few clouds
67,Kodiak,US,57.79,-152.4072,26.11,100,0,5.75,clear sky
68,Puerto Ayora,EC,-0.7393,-90.3518,82.36,90,100,3.0,overcast clouds
69,Srednekolymsk,RU,67.45,153.6833,-7.19,98,100,3.13,overcast clouds
70,Kisangani,CD,0.5167,25.2,80.19,62,99,1.88,overcast clouds
71,Luwuk,ID,-0.9516,122.7875,78.64,86,100,2.71,overcast clouds
72,Souillac,MU,-20.5167,57.5167,77.38,94,75,11.5,moderate rain
73,Mataura,NZ,-46.1927,168.8643,52.36,99,92,1.12,overcast clouds
74,Aklavik,CA,68.2191,-135.0107,-20.2,76,40,8.05,scattered clouds
75,Tuatapere,NZ,-46.1333,167.6833,55.45,95,96,2.91,overcast clouds
76,Pisco,PE,-13.7,-76.2167,69.85,73,67,5.75,mist
77,Saint-Philippe,RE,-21.3585,55.7679,78.39,83,88,17.52,moderate rain
78,Muromtsevo,RU,56.3724,75.2418,30.34,91,74,13.22,broken clouds
79,Sakaiminato,JP,35.55,133.2333,57.18,100,75,3.44,broken clouds
80,Qaanaaq,GL,77.484,-69.3632,19.54,86,100,3.13,overcast clouds
81,Constitucion,CL,-35.3333,-72.4167,59.99,39,0,11.18,clear sky
82,Skjervoy,NO,70.0311,20.9714,28.4,74,100,22.5,light snow
83,Aniva,RU,46.7144,142.5294,33.91,65,2,12.71,clear sky
84,Codrington,AU,-38.2667,141.9667,58.62,53,99,20.8,overcast clouds
85,Lardos,GR,36.0942,28.0157,66.02,61,82,5.95,broken clouds
86,Nieuw Amsterdam,SR,5.8833,-55.0833,89.02,66,40,11.5,scattered clouds
87,Victoria,HK,22.2855,114.1577,76.17,78,0,15.01,clear sky
88,Carnarvon,AU,-24.8667,113.6333,78.87,78,75,6.91,broken clouds
89,Upata,VE,8.0086,-62.3989,86.38,36,85,6.02,overcast clouds
90,Oistins,BB,13.0667,-59.5333,82.49,61,20,24.16,few clouds
91,Ponta Do Sol,PT,32.6667,-17.1,68.72,65,4,1.07,clear sky
92,Chuy,UY,-33.6971,-53.4616,65.12,33,40,16.4,scattered clouds
93,Dikson,RU,73.5069,80.5464,25.75,91,99,10.49,overcast clouds
94,Velen,DE,51.9,6.9833,53.94,56,100,8.95,overcast clouds
95,Jamestown,US,42.097,-79.2353,33.71,57,100,10.36,overcast clouds
96,Laurel,US,39.0993,-76.8483,45.75,63,100,10.36,overcast clouds
97,Linxia,CN,35.6003,103.2064,43.79,39,100,2.51,overcast clouds
98,Brewster,US,41.3973,-73.6171,36.82,39,0,4.61,clear sky
99,Kall,DE,50.55,6.55,56.16,52,98,7.38,overcast clouds
100,Banda Aceh,ID,5.5577,95.3222,80.31,80,53,5.91,broken clouds
101,Nanortalik,GL,60.1432,-45.2371,36.5,75,15,2.82,few clouds
102,Nyurba,RU,63.2842,118.3319,0.84,99,76,3.09,broken clouds
103,Salalah,OM,17.0151,54.0924,84.29,48,0,6.91,clear sky
104,Jumla,NP,29.2747,82.1838,50.79,48,0,5.44,clear sky
105,Hamilton,US,39.1834,-84.5333,65.98,53,20,17.27,few clouds
106,Thompson,CA,55.7435,-97.8558,5.16,72,20,0.0,few clouds
107,Hermanus,ZA,-34.4187,19.2345,71.8,66,6,20.29,clear sky
108,Port Lincoln,AU,-34.7333,135.8667,61.59,58,87,16.75,overcast clouds
109,Berlevag,NO,70.8578,29.0864,30.15,80,75,26.46,broken clouds
110,Tasiilaq,GL,65.6145,-37.6368,30.36,95,100,13.0,snow
111,Khonsa,IN,27.0167,95.5667,63.68,83,78,2.68,broken clouds
112,Nouadhibou,MR,20.931,-17.0347,82.38,28,0,19.57,clear sky
113,Rawson,AR,-43.3002,-65.1023,56.05,44,15,22.35,few clouds
114,Broken Hill,AU,-31.95,141.4333,58.71,47,86,10.36,overcast clouds
115,Bethel,US,41.3712,-73.414,36.57,42,0,4.61,clear sky
116,Takab,IR,36.4009,47.1133,52.2,29,100,8.05,overcast clouds
117,Staraya Toropa,RU,56.2801,31.6702,29.55,56,98,4.76,overcast clouds
118,Torbay,CA,47.6666,-52.7314,36.28,83,75,27.63,moderate rain
119,Alenquer,BR,-1.9417,-54.7383,77.58,90,99,2.13,moderate rain
120,Anloga,GH,5.7947,0.8973,85.71,69,100,13.4,overcast clouds
121,Tahoua,NE,14.8888,5.2692,100.38,2,100,17.27,dust
122,Kahului,US,20.8947,-156.47,74.84,73,0,6.91,clear sky
123,Santa Vitoria Do Palmar,BR,-33.5189,-53.3681,64.92,35,62,15.79,broken clouds
124,Larsnes,NO,62.2028,5.5773,40.77,76,56,6.51,broken clouds
125,Marawi,PH,7.9986,124.2928,68.52,91,9,1.77,clear sky
126,Tiksi,RU,71.6872,128.8694,-2.67,99,100,5.37,overcast clouds
127,Wlodawa,PL,51.55,23.55,50.95,44,100,7.58,overcast clouds
128,Vila Franca Do Campo,PT,37.7167,-25.4333,64.81,60,80,2.42,broken clouds
129,Muros,ES,42.7762,-9.0603,62.1,70,23,16.53,few clouds
130,Whitehorse,CA,60.7161,-135.0538,31.8,95,100,5.99,light snow
131,Tuktoyaktuk,CA,69.4541,-133.0374,-25.6,75,20,9.22,few clouds
132,Talnakh,RU,69.4865,88.3972,22.21,90,100,10.74,overcast clouds
133,Tura,IN,25.5198,90.2201,73.89,71,100,4.5,overcast clouds
134,Oron,NG,4.8256,8.2343,92.37,52,83,9.98,broken clouds
135,Beringovskiy,RU,63.05,179.3167,-10.19,98,51,10.78,broken clouds
136,Port Alfred,ZA,-33.5906,26.891,68.18,76,100,4.0,overcast clouds
137,Kourou,GF,5.1552,-52.6478,86.05,66,93,7.7,overcast clouds
138,Pemangkat,ID,1.1667,108.9667,81.64,75,100,2.93,heavy intensity rain
139,Millbrook,US,32.4799,-86.3619,73.47,46,75,11.5,broken clouds
140,Zhangjiakou,CN,40.81,114.8794,38.3,37,2,6.15,clear sky
141,Avarua,CK,-21.2078,-159.775,78.85,89,100,5.75,overcast clouds
142,Hailey,US,43.5196,-114.3153,35.89,74,0,8.05,clear sky
143,Kapaa,US,22.0752,-159.319,71.11,98,100,0.0,overcast clouds
144,Omboue,GA,-1.5746,9.2618,84.24,68,21,11.36,few clouds
145,Palmer,US,42.1584,-72.3287,37.65,37,59,3.0,broken clouds
146,Bonavista,CA,48.6499,-53.1147,34.12,79,28,23.73,scattered clouds
147,East London,ZA,-33.0153,27.9116,72.54,88,0,4.61,clear sky
148,Pimentel,PE,-6.8367,-79.9342,73.69,73,0,5.75,clear sky
149,Parrita,CR,9.5201,-84.3225,85.86,55,93,2.46,overcast clouds
150,Roald,NO,62.5833,6.1333,40.12,87,100,3.44,light snow
151,Kumluca,TR,36.3703,30.2869,62.69,54,0,5.55,clear sky
152,Tocopilla,CL,-22.092,-70.1979,70.63,66,3,7.92,clear sky
153,Pietarsaari,FI,63.65,22.6833,32.0,62,96,1.01,overcast clouds
154,Poum,NC,-20.2333,164.0167,81.95,80,10,12.44,clear sky
155,Sao Filipe,CV,14.8961,-24.4956,73.17,73,3,14.41,clear sky
156,Sawtell,AU,-30.3833,153.1,68.02,94,75,12.66,broken clouds
157,Dubti,ET,11.7361,41.0853,92.88,17,14,19.55,few clouds
158,Chokurdakh,RU,70.6333,147.9167,-18.56,100,93,5.61,overcast clouds
159,Ancud,CL,-41.8697,-73.8203,49.23,65,18,4.12,few clouds
160,Pangnirtung,CA,66.1451,-65.7125,19.4,73,75,0.0,broken clouds
161,Pacific Grove,US,36.6177,-121.9166,51.91,89,100,8.05,overcast clouds
162,Soe,ID,-9.8607,124.284,65.91,94,100,3.49,moderate rain
163,Beloha,MG,-25.1667,45.05,74.55,69,0,15.82,clear sky
164,Songea,TZ,-10.6833,35.65,70.95,88,75,5.75,broken clouds
165,Faanui,PF,-16.4833,-151.75,81.5,74,53,14.07,light rain
166,Geraldton,AU,-28.7667,114.6,73.81,94,100,6.91,overcast clouds
167,Verkhoyansk,RU,67.5447,133.385,-5.78,100,98,1.39,overcast clouds
168,Senneterre,CA,48.3835,-77.2328,25.9,78,95,5.88,overcast clouds
169,Bemidji,US,47.4736,-94.8803,32.05,94,100,8.05,light snow
170,Bathsheba,BB,13.2167,-59.5167,83.01,61,20,24.16,few clouds
171,Seddon,AU,-37.8068,144.8916,61.83,68,75,17.27,broken clouds
172,Nishihara,JP,26.1842,127.7558,72.68,97,100,6.91,overcast clouds
173,Vadso,NO,70.0744,29.7487,27.48,86,75,14.97,broken clouds
174,Folkestone,GB,51.0833,1.1833,53.98,72,100,3.0,overcast clouds
175,Bredasdorp,ZA,-34.5322,20.0403,72.37,44,8,21.47,clear sky
176,Pevek,RU,69.7008,170.3133,-18.89,98,96,3.78,overcast clouds
177,Fortuna,US,40.5982,-124.1573,48.65,86,100,6.91,overcast clouds
178,Kauhajoki,FI,62.4333,22.1833,30.76,71,95,8.19,light snow
179,Yulara,AU,-25.2406,130.9889,78.64,34,22,16.11,few clouds
180,Dunedin,NZ,-45.8742,170.5036,61.81,87,44,7.0,scattered clouds
181,Vestmannaeyjar,IS,63.4427,-20.2734,40.19,60,75,13.8,broken clouds
182,Ranong,TH,9.9658,98.6348,79.12,87,3,3.2,clear sky
183,Yumen,CN,40.2833,97.2,46.31,20,13,7.76,few clouds
184,Cabo San Lucas,MX,22.8909,-109.9124,68.5,81,50,4.92,scattered clouds
185,Matveyevka,RU,52.15,56.1833,36.95,99,100,16.26,overcast clouds
186,Chimbote,PE,-9.0853,-78.5783,73.4,75,76,7.54,broken clouds
187,Aykhal,RU,66.0,111.5,7.16,100,97,6.73,overcast clouds
188,Mar Del Plata,AR,-38.0023,-57.5575,51.82,85,75,13.8,shower rain
189,Ahuimanu,US,21.4447,-157.8378,73.45,86,20,5.75,few clouds
190,Northam,GB,51.0333,-4.2167,51.66,77,88,9.62,overcast clouds
191,Provideniya,RU,64.3833,-173.3,2.55,81,77,11.3,broken clouds
192,Zvishavane,ZW,-20.3267,30.0665,80.73,27,2,8.32,clear sky
193,Boysun,UZ,38.2061,67.1986,49.28,53,0,1.74,clear sky
194,Deputatskiy,RU,69.3,139.9,-20.97,100,69,3.51,broken clouds
195,Ketchikan,US,55.3422,-131.6461,40.98,93,100,13.8,light rain
196,Waipawa,NZ,-41.4122,175.5153,57.97,88,59,5.03,broken clouds
197,Port Elizabeth,ZA,-33.918,25.5701,71.1,67,0,12.66,clear sky
198,Miri,MY,4.4148,114.0089,82.54,89,20,3.44,few clouds
199,Barahan,PH,13.0121,120.762,80.94,70,38,5.79,scattered clouds
200,Coihaique,CL,-45.5752,-72.0662,48.15,57,20,3.44,few clouds
201,Mastic Beach,US,40.7668,-72.8521,39.42,35,0,8.05,clear sky
202,Matagami,CA,49.7502,-77.6328,19.51,45,0,8.05,clear sky
203,Praia,CV,14.9215,-23.5087,77.54,57,40,26.46,scattered clouds
204,Malanje,AO,-9.5402,16.341,75.58,88,75,4.61,broken clouds
205,Hastings,GB,50.8552,0.5729,54.39,62,100,6.17,overcast clouds
206,Mildura,AU,-34.2,142.15,60.76,67,0,13.8,clear sky
207,Klaksvik,FO,62.2266,-6.589,38.32,55,100,19.37,overcast clouds
208,Lubango,AO,-14.9172,13.4925,84.06,18,75,6.91,broken clouds
209,Alanya,TR,36.5438,31.9998,66.33,53,0,6.13,clear sky
210,Hudson Bay,CA,52.85,-102.3842,21.65,90,68,2.15,broken clouds
211,Sitka,US,57.0531,-135.33,42.69,81,100,4.61,light rain
212,Snezhnogorsk,RU,69.1933,33.2531,24.58,77,100,10.07,overcast clouds
213,Emerald,AU,-23.5333,148.1667,73.54,64,59,5.75,light rain
214,Xinqing,CN,48.2333,129.5,16.92,92,9,2.95,clear sky
215,Saint-Augustin,CA,51.226,-58.6502,35.17,92,100,18.52,overcast clouds
216,Issia,CI,6.4922,-6.5856,88.23,53,89,5.57,overcast clouds
217,San Cristobal,VE,7.7669,-72.225,68.18,46,89,7.65,overcast clouds
218,Port Hardy,CA,50.6996,-127.4199,42.8,93,100,5.75,light intensity shower rain
219,Narsaq,GL,60.9167,-46.05,50.22,64,15,0.83,few clouds
220,Erzin,TR,36.9559,36.2,62.92,62,0,3.4,clear sky
221,San Patricio,US,28.017,-97.5169,75.16,29,51,22.1,broken clouds
222,Broome,US,42.2506,-75.833,31.37,62,100,3.0,overcast clouds
223,Karratha,AU,-20.7377,116.8463,82.17,73,100,7.7,overcast clouds
224,Esna,EG,25.2934,32.554,92.68,7,0,7.23,clear sky
225,Rio Grande,BR,-32.035,-52.0986,66.31,49,100,19.75,overcast clouds
226,Noyabrsk,RU,63.1994,75.4507,28.53,97,100,17.13,snow
227,Bata,GQ,1.8639,9.7658,87.66,74,40,8.05,scattered clouds
228,Normandin,CA,48.8333,-72.5321,17.91,62,29,5.75,scattered clouds
229,Longyearbyen,SJ,78.2186,15.6401,12.04,62,0,11.5,clear sky
230,Vila Velha,BR,-20.3297,-40.2925,89.55,60,20,8.05,few clouds
231,Richards Bay,ZA,-28.783,32.0377,80.94,68,13,14.16,few clouds
232,Narrabri,AU,-30.3167,149.7833,64.49,82,8,8.05,clear sky
233,Hovd,MN,48.0056,91.6419,29.46,28,6,12.53,clear sky
234,Taltal,CL,-25.4,-70.4833,65.84,73,13,4.52,few clouds
235,Bambous Virieux,MU,-20.3428,57.7575,77.25,94,75,11.5,moderate rain
236,Hof,DE,50.3167,11.9167,42.46,90,100,10.36,overcast clouds
237,Mount Gambier,AU,-37.8333,140.7667,57.11,67,100,12.66,overcast clouds
238,Kaduna,NG,10.5222,7.4383,101.1,7,98,0.36,overcast clouds
239,Acarau,BR,-2.8856,-40.12,85.77,64,77,12.84,broken clouds
240,Kaitangata,NZ,-46.2817,169.8464,53.6,95,91,3.42,overcast clouds
241,La Ronge,CA,55.1001,-105.2842,26.85,63,100,5.75,overcast clouds
242,Gat,IL,31.61,34.7642,65.79,100,65,7.94,broken clouds
243,Vanimo,PG,-2.6741,141.3028,78.91,87,96,10.09,light rain
244,Tambura,SS,5.6,27.4667,98.17,18,60,7.07,broken clouds
245,Sur,OM,22.5667,59.5289,79.21,58,0,8.43,clear sky
246,Biltine,TD,14.5333,20.9167,98.85,4,98,4.79,overcast clouds
247,Gamba,GA,-2.65,10.0,83.41,69,19,10.58,few clouds
248,Lagoa,PT,39.05,-27.9833,61.23,89,61,8.32,broken clouds
249,Kudahuvadhoo,MV,2.6708,72.8944,82.54,69,12,1.5,few clouds
250,Pyay,MM,18.8167,95.2167,84.94,52,2,7.61,clear sky
251,Touros,BR,-5.1989,-35.4608,87.44,59,75,16.69,broken clouds
252,Todos Santos,MX,23.45,-110.2167,66.34,43,9,1.72,clear sky
253,Abu Samrah,SY,35.3029,37.1841,65.48,42,0,9.51,clear sky
254,Clyde River,CA,70.4692,-68.5914,3.43,85,20,10.36,few clouds
255,Porto Santo,PT,33.072,-16.3415,66.58,63,40,12.66,scattered clouds
256,Kirakira,SB,-10.4544,161.9205,80.46,84,96,2.77,moderate rain
257,Saskylakh,RU,71.9167,114.0833,-18.98,98,94,6.02,overcast clouds
258,Aripuana,BR,-9.1667,-60.6333,73.42,98,100,2.21,overcast clouds
259,Luderitz,NA,-26.6481,15.1594,70.68,62,33,24.85,scattered clouds
260,Kaka,TM,37.3482,59.6143,60.67,27,0,14.52,clear sky
261,Fare,PF,-16.7,-151.0167,81.93,67,40,14.7,scattered clouds
262,Caravelas,BR,-17.7125,-39.2481,84.94,61,48,7.54,scattered clouds
263,Chapais,CA,49.7834,-74.8492,11.98,82,94,1.86,overcast clouds
264,Korla,CN,41.7597,86.1469,46.15,63,1,16.53,clear sky
265,Isla Mujeres,MX,21.2311,-86.731,80.65,67,0,19.77,clear sky
266,Basco,PH,20.4487,121.9702,80.06,83,100,16.93,overcast clouds
267,Okha,RU,53.5739,142.9478,6.75,87,12,11.43,few clouds
268,Puerto Baquerizo Moreno,EC,-0.9,-89.6,79.79,83,40,4.61,scattered clouds
269,Prainha,BR,-1.8,-53.48,73.78,98,100,1.59,moderate rain
270,Leningradskiy,RU,69.3833,178.4167,-22.38,100,87,2.91,overcast clouds
271,Akcakoca,TR,41.0866,31.1162,59.02,67,34,3.2,scattered clouds
272,Limulunga,ZM,-15.0969,23.1376,73.08,84,100,2.17,overcast clouds
273,Taoudenni,ML,22.6783,-3.9836,94.03,16,100,12.37,overcast clouds
274,Coquimbo,CL,-29.9533,-71.3436,58.73,88,75,11.5,broken clouds
275,Xingcheng,CN,40.6167,120.7167,40.37,48,31,6.85,scattered clouds
276,Meulaboh,ID,4.1363,96.1285,77.95,82,100,2.17,overcast clouds
277,Barpali,IN,21.2,83.5833,92.12,10,10,3.69,clear sky
278,Twin Falls,US,42.3505,-114.6445,41.94,87,0,10.36,clear sky
279,Grand Gaube,MU,-20.0064,57.6608,77.4,85,88,5.99,moderate rain
280,Perelyub,RU,51.8667,50.3667,35.01,100,100,5.84,light snow
281,Manggar,ID,-2.8833,108.2667,80.58,79,19,1.77,few clouds
282,Dong Hoi,VN,17.4833,106.6,74.3,95,92,3.06,overcast clouds
283,Swan Hill,AU,-35.3378,143.5544,57.45,65,0,18.75,clear sky
284,Yerbogachen,RU,61.2767,108.0108,16.57,94,88,5.39,overcast clouds
285,Los Llanos De Aridane,ES,28.6585,-17.9182,64.15,83,20,10.36,few clouds
286,Tanout,NE,14.9709,8.8879,95.47,2,99,15.32,overcast clouds
287,Ilulissat,GL,69.2167,-51.1,26.62,80,40,3.44,fog
288,Ciudad Bolivar,VE,8.1222,-63.5497,86.47,42,97,10.67,overcast clouds
289,Comodoro Rivadavia,AR,-45.8667,-67.5,55.26,28,0,11.5,clear sky
290,Urusha,RU,54.05,122.9,9.57,90,63,4.72,broken clouds
291,Hervey Bay,AU,-25.2986,152.8535,73.13,70,0,12.62,clear sky
292,Moranbah,AU,-22.0016,148.0466,72.97,49,0,5.57,clear sky
293,Sioux Lookout,CA,50.1001,-91.917,26.67,93,100,2.3,overcast clouds
294,Fez,MA,34.0372,-4.9998,59.25,88,75,16.11,broken clouds
295,Anadyr,RU,64.75,177.4833,-12.5,77,0,6.71,clear sky
296,Barkly West,ZA,-28.5354,24.5215,85.28,29,46,6.93,scattered clouds
297,College,US,64.8569,-147.8028,24.75,69,100,11.5,overcast clouds
298,Yar-Sale,RU,66.8333,70.8333,29.23,97,100,14.81,light snow
299,Bilibino,RU,68.0546,166.4372,-5.53,84,97,3.96,overcast clouds
300,Butembo,CD,0.15,29.2833,65.89,71,88,1.7,overcast clouds
301,Turbat,PK,26.0023,63.044,86.32,6,0,16.37,clear sky
302,Mokhsogollokh,RU,61.4681,128.9203,-3.62,100,84,3.78,broken clouds
303,Manaus,BR,-3.1019,-60.025,81.1,83,75,2.3,moderate rain
304,Oranjemund,NA,-28.55,16.4333,64.71,66,100,19.44,overcast clouds
305,Diu,IN,20.7141,70.9822,79.86,69,0,12.86,clear sky
306,Valparaiso,CL,-33.0393,-71.6273,77.23,33,0,9.22,clear sky
307,Hofn,IS,64.2539,-15.2082,35.62,64,100,3.44,overcast clouds
308,Zhangye,CN,38.9342,100.4517,46.62,26,100,1.32,overcast clouds
309,Acapulco,MX,16.8634,-99.8901,73.22,73,0,3.44,clear sky
310,Galle,LK,6.0367,80.217,80.29,79,6,4.32,clear sky
311,Trincomalee,LK,8.5711,81.2335,80.38,81,10,9.37,clear sky
312,Lakes Entrance,AU,-37.8811,147.981,59.16,89,91,9.13,light rain
313,Mozelos,PT,41.8677,-8.3978,63.25,56,46,9.35,scattered clouds
314,Schwedt,DE,53.0596,14.2815,49.57,47,100,8.81,overcast clouds
315,Carutapera,BR,-1.195,-46.02,74.16,97,100,2.46,moderate rain
316,Mogadishu,SO,2.0371,45.3438,85.87,79,20,16.11,few clouds
317,Verkhnyaya Inta,RU,65.9811,60.3094,6.48,90,100,2.57,overcast clouds
318,Haines Junction,CA,60.7522,-137.5108,30.15,93,100,0.0,overcast clouds
319,Tokur,RU,53.1333,132.9,1.13,97,63,1.48,broken clouds
320,Kamina,CD,-8.7386,24.9906,71.37,89,99,3.33,light rain
321,Tolaga Bay,NZ,-38.3667,178.3,62.58,90,96,12.84,overcast clouds
322,Quatre Cocos,MU,-20.2078,57.7625,77.11,83,94,13.6,light rain
323,Bundaberg,AU,-24.85,152.35,72.21,73,2,5.75,clear sky
324,Zhumadian,CN,32.9794,114.0294,59.5,73,100,7.05,overcast clouds
325,Alice Springs,AU,-23.7,133.8833,74.75,32,10,13.8,clear sky
326,Naze,JP,28.3667,129.4833,65.32,93,100,11.83,light rain
327,Herat,AF,34.5,62.0,55.0,37,0,8.39,clear sky
328,Sinjar,IQ,36.3209,41.8754,65.44,28,98,4.45,overcast clouds
329,Felanitx,ES,39.4696,3.1483,60.13,80,98,17.27,overcast clouds
330,Nhulunbuy,AU,-12.2333,136.7667,75.81,88,72,0.0,broken clouds
331,Mbaiki,CF,3.8678,17.9892,96.15,25,74,4.88,broken clouds
332,Kasongo-Lunda,CD,-6.4667,16.8167,77.83,75,99,1.88,overcast clouds
333,Rocha,UY,-34.4833,-54.3333,63.34,37,6,20.71,clear sky
334,Dingle,PH,10.9995,122.6711,77.77,80,18,6.29,few clouds
335,Kamaishi,JP,39.2667,141.8833,48.0,81,100,5.53,overcast clouds
336,Talcahuano,CL,-36.7167,-73.1167,55.08,44,0,9.22,clear sky
337,Brownwood,US,31.7093,-98.9912,62.96,46,0,16.11,clear sky
338,Qasigiannguit,GL,68.8193,-51.1922,26.85,92,95,2.17,overcast clouds
339,Micheweni,TZ,-4.9667,39.8333,84.07,71,88,11.01,overcast clouds
340,Laguna,US,38.421,-121.4238,52.18,90,75,6.91,broken clouds
341,Freeport,US,40.6576,-73.5832,41.18,35,0,4.61,clear sky
342,Pampa,US,35.5362,-100.9599,38.35,100,75,23.02,broken clouds
343,Kuytun,RU,54.3419,101.5036,10.65,95,62,3.76,broken clouds
344,Yeppoon,AU,-23.1333,150.7333,71.38,59,15,5.77,few clouds
345,Krasnoselkup,RU,65.7,82.4667,31.33,93,100,20.65,overcast clouds
346,Lompoc,US,34.6391,-120.4579,52.79,90,100,13.8,overcast clouds
347,Mahebourg,MU,-20.4081,57.7,77.29,94,75,11.5,broken clouds
348,Nikolsk,RU,53.7189,46.0712,30.58,86,78,4.32,broken clouds
349,Shashi,CN,30.3072,112.2447,60.6,95,100,14.7,overcast clouds
350,Raudeberg,NO,61.9875,5.1352,38.07,77,18,14.34,light rain
351,Puri,IN,19.8,85.85,82.92,91,12,16.75,few clouds
352,Borger,NL,52.9233,6.7931,48.78,64,100,8.61,overcast clouds
353,Fukue,JP,32.6881,128.8419,62.62,93,67,8.52,broken clouds
354,Concordia,AR,-31.393,-58.0209,58.78,46,85,14.0,overcast clouds
355,Belebey,RU,54.1167,54.1167,33.76,99,100,13.58,light snow
356,Luau,AO,-10.7073,22.2247,72.18,85,100,3.76,light rain
357,Harlingen,US,26.1906,-97.6961,77.09,86,100,16.11,overcast clouds
358,Tulum,MX,20.2167,-87.4667,82.65,63,4,12.93,clear sky
359,Grindavik,IS,63.8424,-22.4338,39.67,70,75,13.8,broken clouds
360,Nizhniy Tsasuchey,RU,50.5167,115.1333,21.07,36,61,5.03,broken clouds
361,Kavaratti,IN,10.5669,72.642,83.82,71,5,5.53,clear sky
362,Agbor,NG,6.2518,6.1934,101.7,23,100,4.65,overcast clouds
363,Abha,SA,18.2164,42.5053,71.42,43,20,12.66,few clouds
364,Brae,GB,60.3964,-1.353,39.92,60,99,19.82,overcast clouds
365,San Policarpo,PH,12.1791,125.5072,79.75,84,9,10.09,clear sky
366,Casino,AU,-28.8667,153.05,68.77,94,88,4.61,overcast clouds
367,Pak Phanang,TH,8.3511,100.202,83.34,71,1,3.83,clear sky
368,Dordrecht,NL,51.81,4.6736,55.08,60,100,3.0,overcast clouds
369,Neryungri,RU,56.6709,124.6491,12.65,95,100,4.83,light snow
370,Maloy,NO,61.9353,5.1136,38.93,77,19,15.12,few clouds
371,Tashtagol,RU,52.7657,87.8894,21.31,97,80,1.5,light snow
372,Itanhem,BR,-17.1664,-40.33,86.67,47,3,5.57,clear sky
373,Yabrud,SY,33.9674,36.6574,53.89,41,2,6.58,clear sky
374,Bilma,NE,18.6853,12.9164,94.51,2,34,10.78,scattered clouds
375,Matay,EG,28.419,30.7792,83.61,8,0,12.82,clear sky
376,Saint George,US,37.1041,-113.5841,50.79,83,0,0.0,clear sky
377,Port Augusta,AU,-32.5,137.7667,62.58,67,73,20.13,broken clouds
378,Fort Nelson,CA,58.8053,-122.7002,31.59,74,100,4.61,overcast clouds
379,Sept-Iles,CA,50.2001,-66.3821,36.12,51,20,14.97,few clouds
380,Suntar,RU,62.1444,117.6319,13.75,97,98,4.52,overcast clouds
381,Lavrentiya,RU,65.5833,-171.0,1.44,93,99,6.91,overcast clouds
382,Kununurra,AU,-15.7667,128.7333,76.98,88,91,3.44,overcast clouds
383,Faya,SA,18.3851,42.4509,71.71,31,0,9.8,clear sky
384,Leiyang,CN,26.4024,112.8591,66.02,96,100,5.77,moderate rain
385,Islamkot,PK,24.6997,70.177,86.85,23,0,12.44,clear sky
386,Hambantota,LK,6.1241,81.1185,80.94,94,40,9.22,scattered clouds
387,Palmerston,AU,-12.486,130.9833,82.38,86,20,5.75,few clouds
388,Palu,ID,-0.8917,119.8707,76.06,93,98,2.82,overcast clouds
389,Gushikawa,JP,26.3544,127.8686,72.63,96,40,6.91,scattered clouds
390,Januaria,BR,-15.4833,-44.3667,93.56,30,9,4.45,clear sky
391,Maarianhamina,AX,60.0973,19.9348,33.66,55,75,12.66,broken clouds
392,Ust-Omchug,RU,61.15,149.6333,-0.53,97,100,4.52,overcast clouds
393,Orchard Homes,US,46.8633,-114.0484,39.27,82,0,1.01,clear sky
394,Barranco,PA,9.5167,-82.7,84.34,61,100,2.04,overcast clouds
395,Vila,PT,42.0304,-8.1588,53.71,52,94,7.58,overcast clouds
396,Asyut,EG,27.181,31.1837,85.91,6,2,13.78,clear sky
397,Alekseyevsk,RU,57.8406,108.3492,18.36,91,38,5.88,scattered clouds
398,Zheleznodorozhnyy,RU,55.7503,38.0042,34.32,77,75,1.28,broken clouds
399,Witu,KE,-2.3889,40.4382,86.16,76,93,10.58,moderate rain
400,Oriximina,BR,-1.7656,-55.8661,73.69,97,100,1.43,light rain
401,Providencia,MX,28.7167,-111.5833,60.66,56,0,3.91,clear sky
402,Merzifon,TR,40.8733,35.4631,56.66,47,40,9.22,scattered clouds
403,Erenhot,CN,43.6475,111.9767,35.82,41,94,13.58,overcast clouds
404,Zimapan,MX,20.75,-99.35,70.27,24,14,8.81,few clouds
405,Lata,PT,40.1629,-8.3327,59.81,49,2,14.83,clear sky
406,Chute-Aux-Outardes,CA,49.1168,-68.399,28.38,54,0,8.05,clear sky
407,Prieska,ZA,-29.6641,22.7474,82.31,35,100,24.0,overcast clouds
408,Olafsvik,IS,64.8945,-23.7142,37.09,77,94,7.76,overcast clouds
409,Udachnyy,RU,66.4167,112.4,-0.72,98,90,5.1,overcast clouds
410,Maradi,NE,13.5,7.1017,98.82,3,100,0.0,dust
411,Westport,US,41.1415,-73.3579,39.29,35,0,9.22,clear sky
412,Tres Picos,MX,15.8667,-93.5333,83.88,55,47,4.59,scattered clouds
413,Moose Factory,CA,51.2585,-80.6094,24.8,50,0,9.22,clear sky
414,Paris,FR,48.8534,2.3488,58.86,80,100,9.22,mist
415,Samarai,PG,-10.6167,150.6667,81.84,78,75,9.66,broken clouds
416,Tiznit,MA,29.5833,-9.5,61.27,61,0,18.86,clear sky
417,Neka,IR,36.6508,53.299,62.11,59,0,6.91,clear sky
418,Amahai,ID,-3.3333,128.9167,78.4,85,78,3.53,broken clouds
419,Quang Ngai,VN,15.1167,108.8,74.57,97,100,5.46,overcast clouds
420,Tilichiki,RU,60.4667,166.1,6.87,89,100,7.87,overcast clouds
421,Hays,US,30.0502,-98.0336,67.44,55,1,7.0,clear sky
422,Biak,ID,-0.9131,122.8766,77.23,82,100,2.98,overcast clouds
423,Lerwick,GB,60.1545,-1.1494,37.4,62,99,20.8,overcast clouds
424,Tra Vinh,VN,9.9347,106.3453,79.09,84,100,9.51,light rain
425,Bubaque,GW,11.2833,-15.8333,77.65,78,1,13.69,clear sky
426,Antalaha,MG,-14.9003,50.2788,78.49,82,25,9.55,light rain
427,Tigil,RU,57.8,158.6667,3.45,95,19,3.49,few clouds
428,Calama,CL,-22.4667,-68.9333,66.69,20,0,6.91,clear sky
429,Kondinskoye,RU,59.6481,67.41,25.57,91,100,7.85,overcast clouds
430,Santo Antonio Do Ica,BR,-3.1022,-67.9397,77.72,84,100,1.07,overcast clouds
431,Siloam Springs,US,36.1881,-94.5405,58.48,99,100,4.61,light rain
432,Penzance,GB,50.1186,-5.5371,54.28,87,40,9.22,haze
433,Oussouye,SN,12.485,-16.5469,102.38,23,40,9.66,scattered clouds
434,Mocuba,MZ,-16.8392,36.9856,75.45,91,64,4.36,light rain
435,Kilindoni,TZ,-7.9139,39.6668,79.54,82,100,8.55,overcast clouds
436,Majagual,CO,8.5389,-74.6204,76.3,87,100,0.78,overcast clouds
437,Fujin,CN,47.26,132.0322,28.36,63,0,11.68,clear sky
438,Namatanai,PG,-3.6667,152.4333,80.15,82,22,6.62,few clouds
439,Vostok,RU,46.4856,135.8833,9.66,94,13,4.52,few clouds
440,Dongzhen,CN,22.3797,110.9389,75.18,85,81,0.67,broken clouds
441,Mae Hong Son,TH,19.3003,97.9685,77.9,37,4,2.19,clear sky
442,Moita Bonita,BR,-10.5775,-37.3428,88.47,47,77,9.24,broken clouds
443,Ulagan,RU,50.6321,87.9563,10.24,88,63,3.4,broken clouds
444,Alice Town,BS,25.7167,-79.3,75.18,68,0,20.45,clear sky
445,Opuwo,NA,-18.0607,13.84,89.13,23,19,5.3,few clouds
446,Panaba,MX,21.2833,-88.2667,85.82,47,11,18.72,few clouds
447,Conceicao Do Araguaia,BR,-8.2578,-49.2647,84.85,72,100,1.66,overcast clouds
448,Barcelos,PT,41.5388,-8.6151,63.91,56,7,13.96,clear sky
449,Atikokan,CA,48.7555,-91.6216,29.12,96,100,3.98,snow
450,Rognan,NO,67.0953,15.3878,35.76,66,100,6.53,overcast clouds
451,Coro,VE,11.4045,-69.6734,84.58,56,26,16.98,scattered clouds
452,Bad Reichenhall,DE,47.7333,12.8833,57.09,68,40,6.91,scattered clouds
453,Ostrovnoy,RU,68.0531,39.5131,19.47,84,100,7.0,overcast clouds
454,Aktau,KZ,43.65,51.2,55.98,46,96,9.4,overcast clouds
455,Sokoni,TZ,-6.4333,39.55,87.66,77,98,11.03,light rain
456,Khilok,RU,51.3674,110.4676,9.28,87,3,3.27,clear sky
457,Sobolevo,RU,54.4299,31.8996,34.41,66,100,3.06,overcast clouds
458,Thessaloniki,GR,40.6403,22.9439,66.7,59,20,10.36,few clouds
459,Kruisfontein,ZA,-34.0033,24.7314,68.88,71,100,8.77,overcast clouds
460,Saint-Joseph,RE,-21.3667,55.6167,75.58,82,53,18.3,light rain
461,Qaqortoq,GL,60.7167,-46.0333,37.83,63,17,2.55,few clouds
462,Zachary,US,30.6485,-91.1565,75.92,86,100,18.41,overcast clouds
463,Saldanha,ZA,-33.0117,17.9442,71.65,67,100,8.28,overcast clouds
464,Crotone,IT,39.0851,17.1178,58.57,81,100,22.46,overcast clouds
465,Havre-Saint-Pierre,CA,50.2334,-63.5986,37.76,70,100,13.8,overcast clouds
466,Mao,ES,39.8885,4.2658,54.16,94,100,21.85,mist
467,Guilin,CN,25.2819,110.2864,64.51,97,100,1.32,overcast clouds
468,Isangel,VU,-19.55,169.2667,79.36,87,89,8.12,overcast clouds
469,Chunar,IN,25.1333,82.9,89.65,10,0,6.2,clear sky
470,Morant Bay,JM,17.8815,-76.4093,85.71,70,16,9.95,few clouds
471,Douentza,ML,14.9951,-2.9517,103.46,3,28,9.04,scattered clouds
472,Aleksandrovskiy Zavod,RU,50.9237,117.9374,8.82,66,3,3.74,clear sky
473,Prince Rupert,CA,54.3161,-130.3201,42.89,75,100,10.36,overcast clouds
474,San Rafael,AR,-34.6177,-68.3301,54.23,20,0,5.44,clear sky
475,Tongzi,CN,28.7829,105.0877,59.76,88,100,7.58,light rain
476,Ludvika,SE,60.1496,15.1878,38.34,35,100,7.11,overcast clouds
477,Kalevala,RU,65.2,31.1667,24.26,81,100,6.06,light snow
478,Pitimbu,BR,-7.4706,-34.8086,88.39,70,100,12.48,overcast clouds
479,Vao,NC,-22.6667,167.4833,78.39,86,72,16.87,broken clouds
480,Gaoua,BF,10.2992,-3.2508,105.96,12,40,1.48,scattered clouds
481,Makakilo City,US,21.3469,-158.0858,72.28,82,0,5.75,clear sky
482,Camopi,GF,3.1655,-52.3158,82.76,66,98,5.26,overcast clouds
483,Greenville,US,35.6127,-77.3663,57.22,46,100,8.05,overcast clouds
484,Huarmey,PE,-10.0681,-78.1522,73.8,76,98,9.4,overcast clouds
485,Tabas,IR,33.5959,56.9244,69.96,12,0,4.29,clear sky
486,Sao Joao Da Barra,BR,-21.6403,-41.0511,86.09,72,0,8.48,clear sky
487,Yining,CN,29.0361,114.5636,60.39,98,100,3.18,overcast clouds
488,Esperance,AU,-33.8667,121.9,64.24,71,100,16.6,overcast clouds
489,Mahalapye,BW,-23.1041,26.8142,82.44,27,14,5.66,few clouds
490,San Jose,US,37.3394,-121.895,52.54,81,100,6.91,overcast clouds
491,Leshukonskoye,RU,64.8989,45.7622,19.65,83,87,2.51,overcast clouds
492,Verkh-Usugli,RU,52.7,115.1667,4.75,90,12,4.21,few clouds
493,Gumdag,TM,39.2061,54.5906,66.16,25,2,12.8,clear sky
494,Katsuura,JP,35.1333,140.3,60.26,90,100,17.16,overcast clouds
495,Isiro,CD,2.7739,27.616,76.21,66,92,2.66,overcast clouds
496,Hong Gai,VN,20.956,107.0946,71.51,96,96,5.26,overcast clouds
497,Nizhniy Baskunchak,RU,48.2198,46.8311,56.08,52,100,8.77,overcast clouds
498,Brigham City,US,41.5102,-112.0155,47.53,48,0,5.01,clear sky
499,Port Macquarie,AU,-31.4333,152.9167,67.89,94,100,14.97,overcast clouds
500,Adrar,MR,20.5022,-10.0711,87.78,20,100,13.0,overcast clouds
501,Kalaleh,IR,37.3807,55.4916,74.8,60,0,4.61,clear sky
502,Linda,US,39.1277,-121.5508,55.27,88,100,11.5,overcast clouds
503,Port-Gentil,GA,-0.7193,8.7815,85.96,74,20,11.5,few clouds
504,Havoysund,NO,70.9963,24.6622,30.43,78,100,25.84,light snow
505,Dicabisagan,PH,17.0818,122.4157,77.13,88,22,1.88,few clouds
506,Gasa,PS,31.5,34.4667,66.88,67,62,8.34,broken clouds
507,Filingue,NE,14.3521,3.3168,101.03,2,100,8.19,overcast clouds
508,Lasa,IT,46.6166,10.7002,46.36,98,100,3.31,overcast clouds
509,San Quintin,MX,30.4833,-115.95,57.76,77,0,9.95,clear sky
510,Banjar,ID,-8.19,114.9675,78.28,90,93,1.25,overcast clouds
511,Cap Malheureux,MU,-19.9842,57.6142,75.47,85,90,5.99,moderate rain
512,Sao Jose Da Coroa Grande,BR,-8.8978,-35.1478,83.68,70,81,9.86,broken clouds
513,Cairns,AU,-16.9167,145.7667,71.55,81,100,3.44,overcast clouds
514,Poddorye,RU,57.4695,31.1156,30.06,54,81,6.31,broken clouds
515,Nikolayevka,RU,53.1257,47.2041,32.99,89,100,3.15,overcast clouds
516,Nayoro,JP,44.3506,142.4578,26.42,94,100,3.06,overcast clouds
517,Aden,YE,12.7794,45.0367,81.01,64,33,5.61,scattered clouds
518,Monticello,US,45.3055,-93.7941,33.85,92,100,9.22,light snow
519,Krasnoyarskiy,RU,51.965,59.8967,35.42,95,100,22.17,overcast clouds
520,Houma,US,29.5958,-90.7195,75.99,83,100,14.0,overcast clouds
521,Labuhan,ID,-6.8844,112.2051,80.67,81,36,1.5,scattered clouds
522,Sault Sainte Marie,CA,46.5168,-84.3333,30.76,82,100,18.41,snow
523,Port Blair,IN,11.6667,92.75,84.24,74,40,2.3,mist
524,Tambopata,PE,-12.7333,-69.1833,80.49,78,75,6.91,broken clouds
525,Vung Tau,VN,10.346,107.0843,75.58,93,100,15.32,heavy intensity rain
526,Muncar,ID,-8.4333,114.3333,78.17,87,73,3.18,broken clouds
527,Buchanan,LR,5.8808,-10.0467,85.64,66,61,10.04,broken clouds
528,Mount Isa,AU,-20.7333,139.5,78.57,22,2,8.05,light rain
529,Umarkot,PK,25.3616,69.7362,93.07,9,0,7.72,clear sky
530,High Level,CA,58.5169,-117.136,28.51,80,75,6.91,broken clouds
531,Naron,ES,43.5167,-8.1528,59.56,66,30,7.83,scattered clouds
532,Namibe,AO,-15.1961,12.1522,77.63,61,20,17.27,few clouds
533,Zabol,AF,32.25,67.25,57.11,21,0,13.71,clear sky
534,Nioro,GM,13.35,-15.75,104.77,11,34,8.84,scattered clouds
535,Andilamena,MG,-17.0167,48.5833,65.98,89,97,9.53,overcast clouds
536,San Luis,AR,-33.295,-66.3356,56.01,18,0,9.15,clear sky
537,Puerto Madryn,AR,-42.7692,-65.0385,56.12,39,7,22.32,clear sky
538,Carauari,BR,-4.8828,-66.8958,80.83,79,73,3.27,broken clouds
539,Hukeri,IN,16.2333,74.6,82.0,53,0,13.11,clear sky
540,Lamu,KE,-2.2717,40.902,86.22,75,70,14.14,broken clouds
541,Beisfjord,NO,68.3751,17.5988,32.05,82,100,7.54,light snow
542,Kota Kinabalu,MY,5.9749,116.0724,83.88,89,20,0.0,thunderstorm
543,Manta,EC,-0.95,-80.7333,76.78,94,100,2.3,overcast clouds
544,Bhakkar,PK,31.6253,71.0657,83.5,10,0,7.38,clear sky
545,Mumford,GH,5.2618,-0.759,84.24,72,86,11.07,overcast clouds
546,Batagay,RU,67.6333,134.6333,-7.76,100,98,0.16,overcast clouds
547,Lumeje,AO,-11.55,20.7833,73.09,78,78,5.46,light rain
548,Dashitou,CN,43.3067,128.5114,30.22,55,95,3.87,overcast clouds
549,Flagstaff,US,35.1981,-111.6513,39.56,85,75,8.05,broken clouds
550,Belaya Gora,RU,68.5333,146.4167,-20.99,100,73,2.01,broken clouds
551,Willmar,US,45.1219,-95.0433,32.02,90,75,12.66,broken clouds
552,Qiyang,CN,26.5911,111.8474,64.47,95,100,5.7,overcast clouds
553,Klyuchi,RU,52.2667,79.1667,33.6,93,56,14.65,broken clouds
554,Reporoa,NZ,-38.4333,176.35,58.41,98,9,2.59,clear sky
555,Kaeo,NZ,-35.1,173.7833,59.32,95,28,3.04,scattered clouds
556,Fairbanks,US,64.8378,-147.7164,24.76,70,100,11.5,overcast clouds
557,Burnie,AU,-41.0667,145.9167,52.92,73,73,6.91,broken clouds
558,Santa Cruz De La Palma,ES,28.6835,-17.7642,68.14,68,20,10.36,few clouds
559,Karmaskaly,RU,54.3709,56.1837,35.51,99,100,15.41,overcast clouds
560,Revda,RU,56.801,59.9303,33.21,95,100,17.07,light snow
561,Christchurch,NZ,-43.5333,172.6333,60.94,94,100,8.05,mist
562,Moyo,UG,3.6609,31.7247,77.88,56,91,3.22,overcast clouds
563,Guantanamo,CU,20.1444,-75.2092,83.68,50,28,11.99,scattered clouds
564,Koratla,IN,18.8167,78.7167,91.89,12,2,2.01,clear sky
565,Kampene,CD,-3.6,26.6667,76.28,77,97,2.01,light rain
566,Benemerito De Las Americas,MX,16.5167,-90.6439,80.33,68,65,4.18,broken clouds
567,Sosnogorsk,RU,63.6023,53.8817,17.2,92,100,2.68,overcast clouds
568,Mandalgovi,MN,45.7625,106.2708,25.74,36,0,8.34,clear sky
569,Moussoro,TD,13.6408,16.4901,101.3,4,91,10.36,overcast clouds
570,Parlakimidi,IN,18.7667,84.0833,81.18,81,4,3.4,clear sky
571,Kiunga,PG,-6.1219,141.2906,73.15,99,100,1.92,overcast clouds
572,Great Yarmouth,GB,52.6083,1.7305,49.01,84,100,5.14,moderate rain
573,Salsomaggiore Terme,IT,44.8148,9.9796,53.92,90,100,1.72,overcast clouds
574,Nizhniy Odes,RU,63.6445,54.856,12.92,91,99,2.19,overcast clouds
575,Saint Andrews,US,34.0454,-81.1293,64.18,72,100,5.75,overcast clouds
576,Terrak,NO,65.087,12.3715,37.27,67,96,11.5,overcast clouds
577,Rundu,NA,-17.9333,19.7667,77.38,62,84,7.36,light rain
578,Namuac,PH,18.6109,121.1657,78.1,87,23,12.84,few clouds
579,Calbuco,CL,-41.768,-73.1273,52.81,76,37,7.9,scattered clouds
580,Waitati,NZ,-45.75,170.5667,61.81,87,41,5.19,scattered clouds
581,Ahipara,NZ,-35.1667,173.1667,62.91,91,13,3.02,few clouds
582,Shache,CN,38.4167,77.2406,59.47,32,97,6.89,overcast clouds
583,Puerto Suarez,BO,-18.95,-57.8,88.16,55,40,3.44,scattered clouds
584,Pocos De Caldas,BR,-21.7878,-46.5614,75.79,64,0,3.6,clear sky
585,Wewak,PG,-3.5534,143.6268,79.5,86,99,11.72,overcast clouds
586,Ati,TD,13.2154,18.3353,101.89,4,45,7.43,scattered clouds
587,Naberera,TZ,-4.2,36.9333,73.22,59,86,9.69,light rain
588,Lusambo,CD,-4.9667,23.45,74.93,79,100,0.94,overcast clouds
589,Russell,US,32.3502,-85.1999,68.92,70,100,10.33,overcast clouds
590,Ngunguru,NZ,-35.6167,174.5,63.63,83,43,5.06,scattered clouds
591,Newport,GB,51.5877,-2.9984,52.93,80,100,2.95,overcast clouds
592,Mackay,AU,-21.15,149.2,69.78,83,1,6.91,clear sky
593,Mvuma,ZW,-19.2792,30.5283,75.6,36,45,9.24,scattered clouds
594,Slave Lake,CA,55.2834,-114.769,30.18,93,100,3.44,overcast clouds
595,Aksarka,RU,66.5606,67.7975,21.79,96,100,11.95,snow
596,Mbandaka,CD,0.0487,18.2603,83.55,57,86,5.95,overcast clouds
597,Champasak,LA,14.75,106.0,76.64,80,93,3.47,overcast clouds
598,Bima,ID,-8.4667,118.7167,76.32,91,100,3.06,overcast clouds
599,Luba,GQ,3.4568,8.5547,89.49,77,67,6.46,light rain
600,Tres Arroyos,AR,-38.3739,-60.2798,53.35,61,84,21.88,light rain
601,Atherton,GB,53.5237,-2.4935,43.9,81,100,3.0,light rain
602,Rumphi,MW,-11.0186,33.8575,71.37,87,85,5.46,light rain
603,Mirandopolis,BR,-21.1336,-51.1017,89.74,43,0,7.52,clear sky
604,Salym,RU,60.0625,71.4789,26.28,87,100,8.9,overcast clouds
605,Payo,ID,-3.7508,103.6372,74.53,94,90,1.77,overcast clouds
606,Zhigansk,RU,66.7697,123.3711,-5.48,98,75,10.63,broken clouds
607,Hualmay,PE,-11.0964,-77.6139,73.29,75,85,9.35,overcast clouds
608,Derzhavinsk,KZ,51.1,66.3167,35.31,83,76,22.1,broken clouds
609,Montepulciano,IT,43.1017,11.7868,49.59,91,100,5.46,overcast clouds
610,Zaykovo,RU,57.5613,62.7568,34.39,97,100,14.27,light snow
611,Mahibadhoo,MV,3.7833,72.9667,83.08,67,7,1.23,clear sky
612,Lazaro Cardenas,MX,17.9583,-102.2,76.28,57,25,2.51,scattered clouds
613,Muisne,EC,0.6,-80.0333,80.87,79,82,6.67,broken clouds
614,Bang Saphan,TH,11.2126,99.5117,77.07,90,10,3.78,clear sky
615,Tandil,AR,-37.3217,-59.1332,52.72,60,78,21.45,broken clouds
616,Inhambane,MZ,-23.865,35.3833,82.38,65,20,8.05,few clouds
617,Ginir,ET,7.1333,40.7,72.25,22,92,12.1,overcast clouds
618,Eyrarbakki,IS,63.863,-21.1481,39.25,61,55,5.7,broken clouds
619,Praia Da Vitoria,PT,38.7333,-27.0667,65.75,88,75,5.39,broken clouds
620,Tromso,NO,69.6496,18.957,26.62,93,100,16.11,shower snow
621,Hobyo,SO,5.3505,48.5268,82.62,68,3,14.07,clear sky
622,Mooresville,US,35.5849,-80.8101,53.2,84,97,4.7,overcast clouds
623,Alofi,NU,-19.0595,-169.9187,76.89,94,100,1.14,overcast clouds
624,Sibolga,ID,1.7427,98.7792,78.06,81,85,3.27,overcast clouds
625,Belyy Yar,RU,53.6039,91.3903,39.09,55,0,8.95,clear sky
626,Ayan,RU,56.45,138.1667,15.35,75,22,11.14,few clouds
627,Severo-Yeniseyskiy,RU,60.3725,93.0408,26.35,89,100,10.98,light snow
628,Lokosovo,RU,61.1333,74.8167,24.58,82,83,14.09,broken clouds
629,Taonan,CN,45.3333,122.7833,32.54,26,8,1.34,clear sky
630,San Martin,AR,-33.081,-68.4681,54.14,14,0,6.85,clear sky
631,Kremze,CZ,48.905,14.3057,54.45,87,100,6.87,overcast clouds
632,Komyshnya,UA,50.1859,33.684,48.42,82,100,10.09,overcast clouds
633,Luena,AO,-11.7833,19.9167,80.78,65,75,5.75,broken clouds
634,Nadym,RU,65.5333,72.5167,28.96,97,100,15.59,light snow
635,Bozoum,CF,6.3193,16.3799,97.75,9,10,5.86,clear sky
636,Manokwari,ID,-0.8667,134.0833,78.6,83,86,7.67,overcast clouds
637,Bonawon,PH,9.134,122.9193,80.89,79,8,4.74,clear sky
638,Surt,LY,31.2089,16.5887,77.9,35,70,13.98,broken clouds
639,Porto Walter,BR,-8.2686,-72.7439,78.69,75,100,3.29,overcast clouds
640,Mecca,SA,21.4267,39.8261,88.52,23,0,15.43,clear sky
641,Peru,US,40.7537,-86.0689,59.52,70,75,17.27,broken clouds
642,Ekhabi,RU,53.5102,142.9671,6.91,87,13,11.83,few clouds
643,Salaga,GH,8.5508,-0.5188,104.92,21,77,3.96,broken clouds
644,Coahuayana,MX,18.7333,-103.6833,77.54,16,65,0.74,broken clouds
645,Oum Hadjer,TD,13.2954,19.6966,100.67,4,23,4.72,few clouds
646,Hvide Sande,DK,56.0045,8.1294,41.09,59,90,18.86,overcast clouds
647,Honningsvag,NO,70.9821,25.9704,29.95,74,75,27.63,broken clouds
648,Rorvik,NO,64.8621,11.2373,35.58,59,100,23.04,overcast clouds
649,Kampot,KH,10.6167,104.1833,78.85,78,42,6.89,scattered clouds
650,Gornopravdinsk,RU,60.05,69.9,25.47,91,99,7.02,overcast clouds
651,Juli,PE,-16.2167,-69.45,50.72,59,15,7.2,few clouds
652,Temple,US,31.0982,-97.3428,65.64,44,66,18.77,broken clouds
653,Cristalina,BR,-16.7686,-47.6136,80.01,40,7,4.54,clear sky
654,Modra,SK,48.334,17.3071,61.93,47,0,12.66,clear sky
655,Sangar,RU,63.9242,127.4739,-7.85,99,55,4.09,broken clouds
656,Jiuquan,CN,39.7432,98.5174,42.93,23,29,1.52,scattered clouds
657,Sorland,NO,67.667,12.6934,33.66,75,40,10.36,scattered clouds
658,Longonjo,AO,-12.9067,15.2533,72.18,80,97,3.04,light rain
659,Chumikan,RU,54.7183,135.315,8.24,89,67,6.08,broken clouds
660,Trairi,BR,-3.2778,-39.2689,85.82,63,47,12.17,scattered clouds
661,Kinango,KE,-4.1372,39.3153,84.31,65,84,10.89,broken clouds
662,Gombong,ID,-7.6072,109.5142,78.22,89,100,2.26,very heavy rain
663,Ha Tinh,VN,18.3333,105.9,73.33,93,99,1.88,overcast clouds
664,Ondo,NG,7.1,4.8333,93.6,39,98,6.69,overcast clouds
